[
 
  {
    "name": "Foodzone",
    "desc": "Full-Stack Instagram clone built using MERN stack and realtime chat with the help of socket.iO",
    "image": "https://media-hosting.imagekit.io//08039da790a44f21/WhatsApp%20Image%202025-02-27%20at%2023.23.11_3d88eff4.jpg?Expires=1835353337&Key-Pair-Id=K2ZIVPTIP2VGHC&Signature=b7cOn0M2OJYiJ~6bwHED5QD2pG7FrT25Y6gEDCNvNJmMRwrQvG0cSHdhG2tNLHXh00l5S9doDXDNi31N4z4BhKr1KuHP1Z6356-ff5aSMtadFDrPzsDjLQ40VjJ6zfhhzioyL~IH-WsBme5v7Vg1Z3-SvgoI0LRzLafPiPwIQ~ZZVREEVu8Opk~KZZD86W1IqdcWKwo5aQJGqcL9kYDP3boFrP8irVqtOhacZMnEicYe1rPPs9CzHdKa0Yi~WRo5T2MxdgEIAI9eJNiYF3cICdfs88EgV6sMufp8tKedDYOo5~FHlihvmWwAHVGZTNNJaABXNTKKZsZub~BgeRGFGw__",
    "category": "mern",
    "links": {
      "view": "https://instagramernstack.herokuapp.com/",
      "code": "https://github.com/jigar-sable/instagram-mern"
    }
  },
  {
    "name": "QuickNote",
    "desc": "Full-Stack Flipkart with Admin Dashboard and Paytm Payment Gateway. MERN Stack WebApp, ready to use for business.",
    "image": "https://media-hosting.imagekit.io//772999a41196466f/WhatsApp%20Image%202025-02-28%20at%2018.04.09_b48f23d6.jpg?Expires=1835354077&Key-Pair-Id=K2ZIVPTIP2VGHC&Signature=vaBfSi3aYdVDFLyPKGa9FN80st1xY9ccZynnbj~aoFx3LPeRB8cUaDqHmoc8xQX0AhL3iUTqFgJ2xuMkMzXCFfuWHJHF7ORyZwsu7-RyWsMj3iThNy0mhEoIxti0b70TjXExcuNJwf1vgmNI4aALI5YOlko6e4trORFuyCbL6DOKPF3IxgecN3tqVmGrQh781GAjhk~7OloZPHbTT2bcmQqlrX9XNcftPPCADz~07vNXtK2A2LGSG1k3jmXhwRonsV2xQkRGjXmbR6fl70FpAG8A3qwu~qbCW6jfyI1jSmQkInHmUDluly5Kj7wMzEhswy9R5TsfKpAlk~dYOC-ItA__" ,"category": "mern",
    "links": {
      "view": "https://flipkartwebs.herokuapp.com/",
      "code": "https://github.com/jigar-sable/flipkart-mern"
    }
  },
  
  {
    "name": "HabitPlanner",
    "desc": "Full-Stack project dashboard which is collection of projects built on the React library.",
    "image": "https://media-hosting.imagekit.io//3b66c7e232f74d9a/WhatsApp%20Image%202025-02-28%20at%2018.22.55_8bef343a.jpg?Expires=1835355229&Key-Pair-Id=K2ZIVPTIP2VGHC&Signature=kVjRm7R2JOHU2oy~iAlGYupTU0CcFsIyZbWHK627Z-MaoVAPzCndaDS-vkA6UxL6IFVXFZdo5vDg~STNw5TMPwVtd~LSRYHXFtxBxGp3X3Gxs-f8FH8bviQnfpx4A7p7ZgHXJ~1kYPA2XHm5eT08rczr40Zh2UU9yYwkbuRWFx63AA5pVsmAtucfg3-pBsZboaKS6GY-YbppSidjjLnLkSD0YOAS-~gJ1o2h9a5ftMVd89hqBtwyq0E1z6NE0vVotfms7sNcd40CgebVIaNROrL-puQqjrQPInfHatnJvbzLO6dGch3lsml6eidA-sq1vPXNL7-MA8vWzojxfe5EUw__",  "category": "mern",
    "links": {
      "view": "https://reactjsprojects.herokuapp.com/",
      "code": "https://github.com/jigar-sable/React-Projects"
    }
  }

]
